[
  {
    "id": "52ed9a15-827f-4d6e-95e9-1a8c784674fa",
    "data": [
      {
        "text": "email",
        "alias": "contact1",
        "meta": "@contact",
        "userDefined": false
      }
    ],
    "isTemplate": false,
    "count": 1,
    "updated": 1534681127
  },
  {
    "id": "4bd812ce-9791-4bb1-a729-127251c74f10",
    "data": [
      {
        "text": "address",
        "alias": "contact",
        "meta": "@contact",
        "userDefined": false
      },
      {
        "text": " ",
        "userDefined": false
      },
      {
        "text": "location",
        "alias": "contact1",
        "meta": "@contact",
        "userDefined": false
      }
    ],
    "isTemplate": false,
    "count": 0,
    "updated": 1534681127
  },
  {
    "id": "f02aaa9a-e15f-4b2f-9106-bf870ad84625",
    "data": [
      {
        "text": "skype",
        "alias": "contact",
        "meta": "@contact",
        "userDefined": false
      },
      {
        "text": " id",
        "userDefined": false
      }
    ],
    "isTemplate": false,
    "count": 0,
    "updated": 1534681127
  },
  {
    "id": "4cc63300-0925-43d0-b628-dd764e29a42c",
    "data": [
      {
        "text": "mobile number",
        "alias": "contact",
        "meta": "@contact",
        "userDefined": false
      }
    ],
    "isTemplate": false,
    "count": 0,
    "updated": 1534681127
  },
  {
    "id": "0f981760-c968-4492-96c7-9e5b45e8bc1d",
    "data": [
      {
        "text": "What is your ",
        "userDefined": false
      },
      {
        "text": "contact",
        "alias": "contact",
        "meta": "@contact",
        "userDefined": false
      },
      {
        "text": " details ?",
        "userDefined": false
      }
    ],
    "isTemplate": false,
    "count": 0,
    "updated": 1534681127
  }
]