[
  {
    "id": "178b9222-043c-4c0d-81bf-d809038cf181",
    "data": [
      {
        "text": "What is your total years of ",
        "userDefined": false
      },
      {
        "text": "experience",
        "alias": "professional",
        "meta": "@professional",
        "userDefined": false
      },
      {
        "text": " ?",
        "userDefined": false
      }
    ],
    "isTemplate": false,
    "count": 0,
    "updated": 1534679737
  },
  {
    "id": "b430e649-3f1f-4173-acf2-477cd68a8ebe",
    "data": [
      {
        "text": "Your total ",
        "userDefined": false
      },
      {
        "text": "experience",
        "alias": "professional",
        "meta": "@professional",
        "userDefined": false
      },
      {
        "text": " ?",
        "userDefined": false
      }
    ],
    "isTemplate": false,
    "count": 0,
    "updated": 1534679737
  },
  {
    "id": "1bd81052-74c8-43db-a438-324f68d0bef8",
    "data": [
      {
        "text": "What is your ",
        "userDefined": false
      },
      {
        "text": "working experience",
        "alias": "professional",
        "meta": "@professional",
        "userDefined": false
      },
      {
        "text": " ?",
        "userDefined": false
      }
    ],
    "isTemplate": false,
    "count": 0,
    "updated": 1534679737
  },
  {
    "id": "b6a02acf-19a3-4c90-b884-ab5b1b25b24c",
    "data": [
      {
        "text": "How many years of ",
        "userDefined": false
      },
      {
        "text": "experience",
        "alias": "professional",
        "meta": "@professional",
        "userDefined": false
      },
      {
        "text": " do you have ?",
        "userDefined": false
      }
    ],
    "isTemplate": false,
    "count": 0,
    "updated": 1534679737
  },
  {
    "id": "12d2ad68-c928-40d6-ac7e-050441455432",
    "data": [
      {
        "text": "yes",
        "userDefined": false
      }
    ],
    "isTemplate": false,
    "count": 1,
    "updated": 1534679737
  },
  {
    "id": "a1f16e40-d168-4fd9-852a-55ea41492622",
    "data": [
      {
        "text": "okay I will",
        "userDefined": false
      }
    ],
    "isTemplate": false,
    "count": 2,
    "updated": 1534679737
  },
  {
    "id": "31c24f20-7a42-44e8-b109-4cd00511dd80",
    "data": [
      {
        "text": "why not",
        "userDefined": false
      }
    ],
    "isTemplate": false,
    "count": 0,
    "updated": 1534679737
  },
  {
    "id": "1ac0b249-0a9f-4b77-837b-0629be2d08fa",
    "data": [
      {
        "text": "yes that\u0027s alright",
        "userDefined": false
      }
    ],
    "isTemplate": false,
    "count": 0,
    "updated": 1534679737
  },
  {
    "id": "305b7978-9031-45cf-9ed6-cb2959721d1c",
    "data": [
      {
        "text": "yes I do",
        "userDefined": false
      }
    ],
    "isTemplate": false,
    "count": 0,
    "updated": 1534679737
  },
  {
    "id": "9666677d-f511-4f29-b764-bb04e466453e",
    "data": [
      {
        "text": "exactly",
        "userDefined": false
      }
    ],
    "isTemplate": false,
    "count": 1,
    "updated": 1534679737
  },
  {
    "id": "f6bd88b2-dd59-4630-b91d-f3af6ce2ed5c",
    "data": [
      {
        "text": "of course",
        "userDefined": false
      }
    ],
    "isTemplate": false,
    "count": 0,
    "updated": 1534679737
  },
  {
    "id": "e9873c81-5567-416e-98b2-e0ec41459e77",
    "data": [
      {
        "text": "yep that\u0027s ok",
        "userDefined": false
      }
    ],
    "isTemplate": false,
    "count": 0,
    "updated": 1534679737
  },
  {
    "id": "e26f00cf-1ee4-4557-a44d-d755ba76f117",
    "data": [
      {
        "text": "okay",
        "userDefined": false
      }
    ],
    "isTemplate": false,
    "count": 1,
    "updated": 1534679737
  },
  {
    "id": "085f5d34-b5f1-4d80-84a7-5ae6d648871e",
    "data": [
      {
        "text": "ok",
        "userDefined": false
      }
    ],
    "isTemplate": false,
    "count": 1,
    "updated": 1531858999
  },
  {
    "id": "03b47c2d-2e9c-4391-9488-6cb492166a41",
    "data": [
      {
        "text": "for sure",
        "userDefined": false
      }
    ],
    "isTemplate": false,
    "count": 0,
    "updated": 1531858999
  },
  {
    "id": "8b42717e-8412-4107-9a53-0c861d2e5d05",
    "data": [
      {
        "text": "sg",
        "userDefined": false
      }
    ],
    "isTemplate": false,
    "count": 0,
    "updated": 1531858999
  },
  {
    "id": "94b80cbe-112e-4ac7-8153-561bd522bbd1",
    "data": [
      {
        "text": "yes that\u0027t ok",
        "userDefined": false
      }
    ],
    "isTemplate": false,
    "count": 0,
    "updated": 1531858999
  },
  {
    "id": "ca6cfba6-3cd6-43b6-b8a5-06562d022382",
    "data": [
      {
        "text": "I agree",
        "userDefined": false
      }
    ],
    "isTemplate": false,
    "count": 2,
    "updated": 1531858999
  },
  {
    "id": "3c91e509-9183-4a70-bbdc-30f69fa20664",
    "data": [
      {
        "text": "yes you can do it",
        "userDefined": false
      }
    ],
    "isTemplate": false,
    "count": 0,
    "updated": 1531858999
  },
  {
    "id": "de9bfe81-13b7-4a58-807b-874fa13ca07e",
    "data": [
      {
        "text": "I don\u0027t mind",
        "userDefined": false
      }
    ],
    "isTemplate": false,
    "count": 3,
    "updated": 1531858999
  },
  {
    "id": "f4923c2e-e87a-49b7-bf60-63f9afd497d4",
    "data": [
      {
        "text": "that one works",
        "userDefined": false
      }
    ],
    "isTemplate": false,
    "count": 0,
    "updated": 1531858999
  },
  {
    "id": "c4b3ed0f-f998-4f6c-bf30-c7adf443ce02",
    "data": [
      {
        "text": "that works",
        "userDefined": false
      }
    ],
    "isTemplate": false,
    "count": 0,
    "updated": 1531858999
  },
  {
    "id": "3303d01d-655b-4a41-9f2b-5b34aad3a453",
    "data": [
      {
        "text": "sure why not",
        "userDefined": false
      }
    ],
    "isTemplate": false,
    "count": 0,
    "updated": 1531858999
  },
  {
    "id": "1a542737-8c16-4d31-9d47-195c86b751c6",
    "data": [
      {
        "text": "perfect",
        "userDefined": false
      }
    ],
    "isTemplate": false,
    "count": 0,
    "updated": 1531858999
  },
  {
    "id": "e13a0ff1-a8fe-4975-9429-b946c15ee84f",
    "data": [
      {
        "text": "yep that\u0027s right",
        "userDefined": false
      }
    ],
    "isTemplate": false,
    "count": 1,
    "updated": 1531858999
  },
  {
    "id": "ca1be49d-8d42-4bc9-8006-fdc8d7f0bda2",
    "data": [
      {
        "text": "I think so",
        "userDefined": false
      }
    ],
    "isTemplate": false,
    "count": 0,
    "updated": 1531858999
  },
  {
    "id": "c53726cc-ca05-4ef4-851d-dcd7309f8735",
    "data": [
      {
        "text": "yes I agree",
        "userDefined": false
      }
    ],
    "isTemplate": false,
    "count": 1,
    "updated": 1531858999
  },
  {
    "id": "0f14b393-22c5-4b95-99b4-4dc625145c5f",
    "data": [
      {
        "text": "sure",
        "userDefined": false
      }
    ],
    "isTemplate": false,
    "count": 2,
    "updated": 1531858999
  },
  {
    "id": "94daae7c-947d-4e1f-a140-91e797af2f54",
    "data": [
      {
        "text": "sounds correct",
        "userDefined": false
      }
    ],
    "isTemplate": false,
    "count": 1,
    "updated": 1531858999
  },
  {
    "id": "4dd0ea0c-6cd8-4472-8be9-83973c8a1d80",
    "data": [
      {
        "text": "sounds good",
        "userDefined": false
      }
    ],
    "isTemplate": false,
    "count": 0,
    "updated": 1531858999
  },
  {
    "id": "92f25c8e-56c3-474e-a2a3-9505afc6ba73",
    "data": [
      {
        "text": "that\u0027s correct",
        "userDefined": false
      }
    ],
    "isTemplate": false,
    "count": 0,
    "updated": 1531858999
  },
  {
    "id": "89f0032d-e9d6-492d-a333-760e22383a37",
    "data": [
      {
        "text": "go ahead",
        "userDefined": false
      }
    ],
    "isTemplate": false,
    "count": 1,
    "updated": 1531858999
  },
  {
    "id": "cf19ed3d-9c42-4c57-abb1-6f44776fa694",
    "data": [
      {
        "text": "do it",
        "userDefined": false
      }
    ],
    "isTemplate": false,
    "count": 1,
    "updated": 1531858999
  },
  {
    "id": "d160cebb-98ec-43b4-8dbe-acf91028070b",
    "data": [
      {
        "text": "it\u0027s fine",
        "userDefined": false
      }
    ],
    "isTemplate": false,
    "count": 0,
    "updated": 1531858999
  },
  {
    "id": "9b5b9b51-78f3-4d76-97a9-c4b452e1f30f",
    "data": [
      {
        "text": "yeah",
        "userDefined": false
      }
    ],
    "isTemplate": false,
    "count": 0,
    "updated": 1531858999
  },
  {
    "id": "3aa737ba-fad1-4ab4-bd0c-ad77671cd46c",
    "data": [
      {
        "text": "yes please",
        "userDefined": false
      }
    ],
    "isTemplate": false,
    "count": 0,
    "updated": 1531858999
  },
  {
    "id": "2e9690f4-cccf-4a3f-ba29-cca6fe2e4cf2",
    "data": [
      {
        "text": "it\u0027s okay",
        "userDefined": false
      }
    ],
    "isTemplate": false,
    "count": 0,
    "updated": 1531858999
  },
  {
    "id": "49bc3f60-f9f6-44b8-97f0-1e4eb0452352",
    "data": [
      {
        "text": "alright why not",
        "userDefined": false
      }
    ],
    "isTemplate": false,
    "count": 0,
    "updated": 1531858999
  },
  {
    "id": "c56e2f51-67e6-40e8-8b31-c5de431c8194",
    "data": [
      {
        "text": "alright",
        "userDefined": false
      }
    ],
    "isTemplate": false,
    "count": 0,
    "updated": 1531858999
  },
  {
    "id": "2e5b62e5-886c-4678-b20f-97dc9baf4d8c",
    "data": [
      {
        "text": "right",
        "userDefined": false
      }
    ],
    "isTemplate": false,
    "count": 0,
    "updated": 1531858999
  },
  {
    "id": "7ac8096d-af59-4626-91cd-2e73f6f59639",
    "data": [
      {
        "text": "it looks perfect",
        "userDefined": false
      }
    ],
    "isTemplate": false,
    "count": 0,
    "updated": 1531858999
  },
  {
    "id": "971a8fab-d6aa-415f-89c1-56cf626dc874",
    "data": [
      {
        "text": "yes I can",
        "userDefined": false
      }
    ],
    "isTemplate": false,
    "count": 0,
    "updated": 1531858999
  },
  {
    "id": "f103564f-7c03-4a69-b889-cf4ec3291bd7",
    "data": [
      {
        "text": "yup",
        "userDefined": false
      }
    ],
    "isTemplate": false,
    "count": 0,
    "updated": 1531858999
  },
  {
    "id": "4c3eebcd-d336-4385-b9fd-f481af1b507a",
    "data": [
      {
        "text": "yep",
        "userDefined": false
      }
    ],
    "isTemplate": false,
    "count": 0,
    "updated": 1531858999
  },
  {
    "id": "d4e07f4c-b82f-4044-9aeb-ae21dfaee95b",
    "data": [
      {
        "text": "confirm",
        "userDefined": false
      }
    ],
    "isTemplate": false,
    "count": 1,
    "updated": 1531858999
  },
  {
    "id": "0da50ca3-3c82-4de7-bf10-eb90fe7db301",
    "data": [
      {
        "text": "absolutely",
        "userDefined": false
      }
    ],
    "isTemplate": false,
    "count": 1,
    "updated": 1531858999
  }
]