[
  {
    "id": "b33d274f-1128-4f43-b418-3a420a678ab5",
    "data": [
      {
        "text": "Extra curricular",
        "alias": "non-work",
        "meta": "@non-work",
        "userDefined": false
      },
      {
        "text": " activity",
        "userDefined": false
      }
    ],
    "isTemplate": false,
    "count": 0,
    "updated": 1534682052
  },
  {
    "id": "6ac3949d-b24d-4054-b708-a130e77c89f7",
    "data": [
      {
        "text": "extra worked",
        "alias": "non-work",
        "meta": "@non-work",
        "userDefined": false
      },
      {
        "text": " ?",
        "userDefined": false
      }
    ],
    "isTemplate": false,
    "count": 0,
    "updated": 1534682052
  },
  {
    "id": "ab78ba17-f5a8-41c5-afa8-8fed15d15eb9",
    "data": [
      {
        "text": "Non work",
        "alias": "non-work",
        "meta": "@non-work",
        "userDefined": false
      },
      {
        "text": " related activities ?",
        "userDefined": false
      }
    ],
    "isTemplate": false,
    "count": 0,
    "updated": 1534682052
  }
]