[
  {
    "id": "a10b1280-3adc-47de-a5ba-52e888448865",
    "data": [
      {
        "text": "Intro",
        "userDefined": false
      }
    ],
    "isTemplate": false,
    "count": 0,
    "updated": 1534673938
  },
  {
    "id": "db44c0c2-8206-4914-835f-52cc3199bae2",
    "data": [
      {
        "text": "What is your career objective ?",
        "userDefined": false
      }
    ],
    "isTemplate": false,
    "count": 0,
    "updated": 1534672948
  },
  {
    "id": "a6895a09-d11a-48b7-b6cf-46173767e777",
    "data": [
      {
        "text": "Introduction",
        "userDefined": false
      }
    ],
    "isTemplate": false,
    "count": 0,
    "updated": 1534672424
  },
  {
    "id": "bd668767-2647-4bf8-9573-6bb4ab82307c",
    "data": [
      {
        "text": "Introduce yourself.",
        "userDefined": false
      }
    ],
    "isTemplate": false,
    "count": 0,
    "updated": 1534672424
  },
  {
    "id": "6d1f860e-83d8-4dd3-8178-e4c844127dbc",
    "data": [
      {
        "text": "What do aim to become ?",
        "userDefined": false
      }
    ],
    "isTemplate": false,
    "count": 0,
    "updated": 1534672424
  },
  {
    "id": "ab093f8f-b5bf-4e34-91f9-49e4d480baa7",
    "data": [
      {
        "text": "What are your goals ?",
        "userDefined": false
      }
    ],
    "isTemplate": false,
    "count": 0,
    "updated": 1534672424
  },
  {
    "id": "c1b486cf-df8d-4bf7-a607-ca75f1c6269a",
    "data": [
      {
        "text": "Tell me about yourself.",
        "userDefined": false
      }
    ],
    "isTemplate": false,
    "count": 0,
    "updated": 1534672424
  }
]