[
  {
    "id": "b9f75cc9-01b0-4a7c-8fcf-5734695159b0",
    "data": [
      {
        "text": "which ",
        "userDefined": false
      },
      {
        "text": "company",
        "alias": "organization",
        "meta": "@organization",
        "userDefined": false
      },
      {
        "text": " have you worked ?",
        "userDefined": false
      }
    ],
    "isTemplate": false,
    "count": 0,
    "updated": 1534680081
  },
  {
    "id": "8ce0bb31-3c2d-412d-8713-6e7d430d26b3",
    "data": [
      {
        "text": "which ",
        "userDefined": false
      },
      {
        "text": "organizations",
        "alias": "organization",
        "meta": "@organization",
        "userDefined": false
      },
      {
        "text": " you have worked for ?",
        "userDefined": false
      }
    ],
    "isTemplate": false,
    "count": 0,
    "updated": 1534680081
  },
  {
    "id": "56d0bd2d-062a-4e05-a04a-939c7d47575e",
    "data": [
      {
        "text": "companies",
        "alias": "organization",
        "meta": "@organization",
        "userDefined": false
      },
      {
        "text": " worked ?",
        "userDefined": false
      }
    ],
    "isTemplate": false,
    "count": 0,
    "updated": 1534680081
  }
]