[
  {
    "id": "c5734e65-cd22-4f8e-9610-f796c49afe27",
    "data": [
      {
        "text": "handson",
        "alias": "projects",
        "meta": "@projects",
        "userDefined": false
      }
    ],
    "isTemplate": false,
    "count": 0,
    "updated": 1534682281
  },
  {
    "id": "82251699-b313-4311-a678-ce8b76495dcc",
    "data": [
      {
        "text": "projects worked",
        "alias": "projects",
        "meta": "@projects",
        "userDefined": false
      }
    ],
    "isTemplate": false,
    "count": 0,
    "updated": 1534682281
  },
  {
    "id": "80ccffba-6cb5-4498-a236-59aa22201a0f",
    "data": [
      {
        "text": "projects worked",
        "alias": "projects",
        "meta": "@projects",
        "userDefined": false
      },
      {
        "text": " on",
        "userDefined": false
      }
    ],
    "isTemplate": false,
    "count": 0,
    "updated": 1534682189
  }
]