[
  {
    "id": "da58fda0-a8db-4329-b9e4-327c95e423e9",
    "data": [
      {
        "text": "What is youe ",
        "userDefined": false
      },
      {
        "text": "education",
        "alias": "qualification",
        "meta": "@qualification",
        "userDefined": false
      },
      {
        "text": " ?",
        "userDefined": false
      }
    ],
    "isTemplate": false,
    "count": 0,
    "updated": 1534681733
  },
  {
    "id": "1c07e993-47a2-43c6-a6f2-b62f6552492a",
    "data": [
      {
        "text": "Bachelors",
        "alias": "qualification",
        "meta": "@qualification",
        "userDefined": false
      }
    ],
    "isTemplate": false,
    "count": 0,
    "updated": 1534681667
  },
  {
    "id": "067acff7-d18b-4d71-ab2b-a91d200ec08a",
    "data": [
      {
        "text": "What is your ",
        "userDefined": false
      },
      {
        "text": "qualifications",
        "alias": "qualification",
        "meta": "@qualification",
        "userDefined": false
      },
      {
        "text": " ?",
        "userDefined": false
      }
    ],
    "isTemplate": false,
    "count": 0,
    "updated": 1534681667
  }
]