[
  {
    "id": "959069e4-dbe4-46a3-bd17-a5f331f503dd",
    "data": [
      {
        "text": "self study",
        "alias": "self_learn",
        "meta": "@self_learn",
        "userDefined": false
      }
    ],
    "isTemplate": false,
    "count": 0,
    "updated": 1534678022
  },
  {
    "id": "cef16c9f-d225-4ec3-93b8-5451dee51903",
    "data": [
      {
        "text": "self learning",
        "meta": "@sys.ignore",
        "userDefined": false
      },
      {
        "text": " ",
        "userDefined": false
      },
      {
        "text": "technologies",
        "alias": "self_learn",
        "meta": "@self_learn",
        "userDefined": false
      }
    ],
    "isTemplate": false,
    "count": 0,
    "updated": 1534677814
  }
]