[
  {
    "id": "a1cf2a62-7339-4b92-a252-8403b54603d0",
    "data": [
      {
        "text": "technologies",
        "alias": "technology",
        "meta": "@technology",
        "userDefined": false
      },
      {
        "text": " worked",
        "userDefined": false
      }
    ],
    "isTemplate": false,
    "count": 1,
    "updated": 1534681393
  },
  {
    "id": "f3062a16-9d3b-4cf3-94be-68f467997a4f",
    "data": [
      {
        "text": "Cloud",
        "alias": "technology",
        "meta": "@technology",
        "userDefined": false
      }
    ],
    "isTemplate": false,
    "count": 0,
    "updated": 1534681393
  },
  {
    "id": "fb556957-b77e-4a1b-9be5-a8cb75f539de",
    "data": [
      {
        "text": "R",
        "alias": "technology",
        "meta": "@technology",
        "userDefined": false
      }
    ],
    "isTemplate": false,
    "count": 0,
    "updated": 1534681393
  },
  {
    "id": "69bc929e-5e36-4f20-b9f4-6b88b3d1760c",
    "data": [
      {
        "text": "python",
        "alias": "technology",
        "meta": "@technology",
        "userDefined": false
      }
    ],
    "isTemplate": false,
    "count": 0,
    "updated": 1534681393
  },
  {
    "id": "6a906005-3806-43ce-ad88-29cc20cf0855",
    "data": [
      {
        "text": "technologies",
        "alias": "technology",
        "meta": "@technology",
        "userDefined": false
      },
      {
        "text": " used",
        "userDefined": false
      }
    ],
    "isTemplate": false,
    "count": 0,
    "updated": 1534681393
  }
]